event|start|model=/data/local/tmp/qwen3_0.6b_nothink_q4_block32_ekv1280.litertlm
event|initialized|initMs=8014|pssKb=647392
fixture|0|elapsedMs=25986|pssKb=930324|errorB64=|outputB64=PHxpbV9zdGFydHw+YXNzaXN0YW50Cjx0aGluaz4KCjwvdGhpbms+CgpgYGBqc29uCnsKICAidGl0bGUiOiAiQ09ESU5HIC0gQU5ZV0hFUkUgLSBFQVNZIC0gMTUtMzAgTUlOVVRFUyIsCiAgImRlc2NyaXB0aW9uIjogIlJlc29sdmEgcHJvYmxlbWFzIGRlIGNvZGluZyBlbSBxdWFscXVlciBsdWdhciwgdGVtcG8gZSBkaWZpY3VsZGFkZS4gUHJhdGlxdWUgZSBhcHJlbmRhIGNvbSBleGVyY8OtY2lvcyBzaW1wbGVzLiIsCiAgIm9iamVjdGl2ZXMiOiBbIlJlc29sdmEgdW0gcHJvYmxlbWEgZGUgY29kaW5nIGVtIDEwIG1pbnV0b3Mgb3UgbWVub3MiLCAiQ29uc3RydWEgdW0gYXBsaWNhdGl2byBkZSBjb2RpbmcgZW0gMTUtMzAgbWludXRvcyJdLAogICJib251c09iamVjdGl2ZXMiOiBbIkNvbmNsdWEgdW0gZGVzYWZpbyBkZSBjb2RpbmcgY29tIHN1Y2Vzc28iXSwKICAiZXN0aW1hdGVkTWludXRlcyI6IDMwLAogICJlc3RpbWF0ZWREaWZmaWN1bHR5IjogIkVBU1kiCn0KYGBgPHxpbV9lbmR8Pgo8fGltX3N0YXJ0fD5hc3Npc3RhbnQKPHRoaW5rPgoKPC90aGluaz4KCg==
fixture|1|elapsedMs=21922|pssKb=906866|errorB64=|outputB64=PHxpbV9zdGFydHw+YXNzaXN0YW50Cjx0aGluaz4KCjwvdGhpbms+CgpgYGBqc29uCnsKICAidGl0bGUiOiAiQ09ESU5HIC0gQU5ZV0hFUkUgLSBFQVNZIC0gMTUtMzAgTUlOVVRFUyIsCiAgImRlc2NyaXB0aW9uIjogIlJlc29sdmEgcHJvYmxlbWFzIGRlIGNvZGluZyBlbSBxdWFscXVlciBsdWdhciwgdGVtcG8gZSBkaWZpY3VsZGFkZS4gUHJhdGlxdWUgZSBhcHJlbmRhIGNvbSBleGVyY8OtY2lvcyBzaW1wbGVzLiIsCiAgIm9iamVjdGl2ZXMiOiBbIlJlc29sdmEgdW0gcHJvYmxlbWEgZGUgY29kaW5nIGVtIDEwIG1pbnV0b3Mgb3UgbWVub3MiLCAiQ29uc3RydWEgdW0gYXBsaWNhdGl2byBkZSBjb2RpbmcgZW0gMTUtMzAgbWludXRvcyJdLAogICJib251c09iamVjdGl2ZXMiOiBbIkNvbmNsdWEgdW0gZGVzYWZpbyBkZSBjb2RpbmcgY29tIHN1Y2Vzc28iXSwKICAiZXN0aW1hdGVkTWludXRlcyI6IDMwLAogICJlc3RpbWF0ZWREaWZmaWN1bHR5IjogIkVBU1kiCn0KYGBgPHxpbV9lbmR8Pgo8fGltX3N0YXJ0fD5hc3Npc3RhbnQKPHRoaW5rPgoKPC90aGluaz4KCg==
fixture|2|elapsedMs=21602|pssKb=907115|errorB64=|outputB64=PHxpbV9zdGFydHw+YXNzaXN0YW50Cjx0aGluaz4KCjwvdGhpbms+CgpgYGBqc29uCnsKICAidGl0bGUiOiAiQ09ESU5HIC0gQU5ZV0hFUkUgLSBFQVNZIC0gMTUtMzAgTUlOVVRFUyIsCiAgImRlc2NyaXB0aW9uIjogIlJlc29sdmEgcHJvYmxlbWFzIGRlIGNvZGluZyBlbSBxdWFscXVlciBsdWdhciwgdGVtcG8gZSBkaWZpY3VsZGFkZS4gUHJhdGlxdWUgZSBhcHJlbmRhIGNvbSBleGVyY8OtY2lvcyBzaW1wbGVzLiIsCiAgIm9iamVjdGl2ZXMiOiBbIlJlc29sdmEgdW0gcHJvYmxlbWEgZGUgY29kaW5nIGVtIDEwIG1pbnV0b3Mgb3UgbWVub3MiLCAiQ29uc3RydWEgdW0gYXBsaWNhdGl2byBkZSBjb2RpbmcgZW0gMTUtMzAgbWludXRvcyJdLAogICJib251c09iamVjdGl2ZXMiOiBbIkNvbmNsdWEgdW0gZGVzYWZpbyBkZSBjb2RpbmcgY29tIHN1Y2Vzc28iXSwKICAiZXN0aW1hdGVkTWludXRlcyI6IDMwLAogICJlc3RpbWF0ZWREaWZmaWN1bHR5IjogIkVBU1kiCn0KYGBgPHxpbV9lbmR8Pgo8fGltX3N0YXJ0fD5hc3Npc3RhbnQKPHRoaW5rPgoKPC90aGluaz4KCg==
fixture|3|elapsedMs=21859|pssKb=907482|errorB64=|outputB64=PHxpbV9zdGFydHw+YXNzaXN0YW50Cjx0aGluaz4KCjwvdGhpbms+CgpgYGBqc29uCnsKICAidGl0bGUiOiAiQ09ESU5HIC0gQU5ZV0hFUkUgLSBFQVNZIC0gMTUtMzAgTUlOVVRFUyIsCiAgImRlc2NyaXB0aW9uIjogIlJlc29sdmEgcHJvYmxlbWFzIGRlIGNvZGluZyBlbSBxdWFscXVlciBsdWdhciwgdGVtcG8gZSBkaWZpY3VsZGFkZS4gUHJhdGlxdWUgZSBhcHJlbmRhIGNvbSBleGVyY8OtY2lvcyBzaW1wbGVzLiIsCiAgIm9iamVjdGl2ZXMiOiBbIlJlc29sdmEgdW0gcHJvYmxlbWEgZGUgY29kaW5nIGVtIDEwIG1pbnV0b3Mgb3UgbWVub3MiLCAiQ29uc3RydWEgdW0gYXBsaWNhdGl2byBkZSBjb2RpbmcgZW0gMTUtMzAgbWludXRvcyJdLAogICJib251c09iamVjdGl2ZXMiOiBbIkNvbmNsdWEgdW0gZGVzYWZpbyBkZSBjb2RpbmcgY29tIHN1Y2Vzc28iXSwKICAiZXN0aW1hdGVkTWludXRlcyI6IDMwLAogICJlc3RpbWF0ZWREaWZmaWN1bHR5IjogIkVBU1kiCn0KYGBgPHxpbV9lbmR8Pgo8fGltX3N0YXJ0fD5hc3Npc3RhbnQKPHRoaW5rPgoKPC90aGluaz4KCg==
fixture|4|elapsedMs=23524|pssKb=907783|errorB64=|outputB64=PHxpbV9zdGFydHw+YXNzaXN0YW50Cjx0aGluaz4KCjwvdGhpbms+CgpgYGBqc29uCnsKICAidGl0bGUiOiAiQ09ESU5HIC0gQU5ZV0hFUkUgLSBFQVNZIC0gMTUtMzAgTUlOVVRFUyIsCiAgImRlc2NyaXB0aW9uIjogIlJlc29sdmEgcHJvYmxlbWFzIGRlIGNvZGluZyBlbSBxdWFscXVlciBsdWdhciwgdGVtcG8gZSBkaWZpY3VsZGFkZS4gUHJhdGlxdWUgZSBhcHJlbmRhIGNvbSBleGVyY8OtY2lvcyBzaW1wbGVzLiIsCiAgIm9iamVjdGl2ZXMiOiBbIlJlc29sdmEgdW0gcHJvYmxlbWEgZGUgY29kaW5nIGVtIDEwIG1pbnV0b3Mgb3UgbWVub3MiLCAiQ29uc3RydWEgdW0gYXBsaWNhdGl2byBkZSBjb2RpbmcgZW0gMTUtMzAgbWludXRvcyJdLAogICJib251c09iamVjdGl2ZXMiOiBbIkNvbmNsdWEgdW0gZGVzYWZpbyBkZSBjb2RpbmcgY29tIHN1Y2Vzc28iXSwKICAiZXN0aW1hdGVkTWludXRlcyI6IDMwLAogICJlc3RpbWF0ZWREaWZmaWN1bHR5IjogIkVBU1kiCn0KYGBgPHxpbV9lbmR8Pgo8fGltX3N0YXJ0fD5hc3Npc3RhbnQKPHRoaW5rPgoKPC90aGluaz4KCg==
fixture|5|elapsedMs=7|pssKb=907977|errorB64=Y29tLmdvb2dsZS5haS5lZGdlLmxpdGVydGxtLkxpdGVSdExtSm5pRXhjZXB0aW9uOiBGYWlsZWQgdG8gY2FsbCBuYXRpdmVTZW5kTWVzc2FnZTogRkFJTEVEX1BSRUNPTkRJVElPTjogQ2hvc2VuIHByZWZpbGwgd29yayBncm91cCBzaXplIGV4Y2VlZHMgYXZhaWxhYmxlIHN0YXRlIGVudHJpZXMgKDEpLg==|outputB64=
fixture|6|elapsedMs=1|pssKb=907997|errorB64=Y29tLmdvb2dsZS5haS5lZGdlLmxpdGVydGxtLkxpdGVSdExtSm5pRXhjZXB0aW9uOiBGYWlsZWQgdG8gY2FsbCBuYXRpdmVTZW5kTWVzc2FnZTogSU5URVJOQUw6IFRhc2sgZmFpbGVkIHdpdGggc3RhdGU6IDc=|outputB64=
fixture|7|elapsedMs=1|pssKb=908013|errorB64=Y29tLmdvb2dsZS5haS5lZGdlLmxpdGVydGxtLkxpdGVSdExtSm5pRXhjZXB0aW9uOiBGYWlsZWQgdG8gY2FsbCBuYXRpdmVTZW5kTWVzc2FnZTogSU5URVJOQUw6IFRhc2sgZmFpbGVkIHdpdGggc3RhdGU6IDc=|outputB64=
fixture|8|elapsedMs=2|pssKb=908041|errorB64=Y29tLmdvb2dsZS5haS5lZGdlLmxpdGVydGxtLkxpdGVSdExtSm5pRXhjZXB0aW9uOiBGYWlsZWQgdG8gY2FsbCBuYXRpdmVTZW5kTWVzc2FnZTogSU5URVJOQUw6IFRhc2sgZmFpbGVkIHdpdGggc3RhdGU6IDc=|outputB64=
fixture|9|elapsedMs=1|pssKb=908049|errorB64=Y29tLmdvb2dsZS5haS5lZGdlLmxpdGVydGxtLkxpdGVSdExtSm5pRXhjZXB0aW9uOiBGYWlsZWQgdG8gY2FsbCBuYXRpdmVTZW5kTWVzc2FnZTogSU5URVJOQUw6IFRhc2sgZmFpbGVkIHdpdGggc3RhdGU6IDc=|outputB64=
fixture|10|elapsedMs=1|pssKb=908077|errorB64=Y29tLmdvb2dsZS5haS5lZGdlLmxpdGVydGxtLkxpdGVSdExtSm5pRXhjZXB0aW9uOiBGYWlsZWQgdG8gY2FsbCBuYXRpdmVTZW5kTWVzc2FnZTogSU5URVJOQUw6IFRhc2sgZmFpbGVkIHdpdGggc3RhdGU6IDc=|outputB64=
fixture|11|elapsedMs=2|pssKb=907937|errorB64=Y29tLmdvb2dsZS5haS5lZGdlLmxpdGVydGxtLkxpdGVSdExtSm5pRXhjZXB0aW9uOiBGYWlsZWQgdG8gY2FsbCBuYXRpdmVTZW5kTWVzc2FnZTogSU5URVJOQUw6IFRhc2sgZmFpbGVkIHdpdGggc3RhdGU6IDc=|outputB64=
fixture|12|elapsedMs=2|pssKb=907969|errorB64=Y29tLmdvb2dsZS5haS5lZGdlLmxpdGVydGxtLkxpdGVSdExtSm5pRXhjZXB0aW9uOiBGYWlsZWQgdG8gY2FsbCBuYXRpdmVTZW5kTWVzc2FnZTogSU5URVJOQUw6IFRhc2sgZmFpbGVkIHdpdGggc3RhdGU6IDc=|outputB64=
fixture|13|elapsedMs=2|pssKb=907993|errorB64=Y29tLmdvb2dsZS5haS5lZGdlLmxpdGVydGxtLkxpdGVSdExtSm5pRXhjZXB0aW9uOiBGYWlsZWQgdG8gY2FsbCBuYXRpdmVTZW5kTWVzc2FnZTogSU5URVJOQUw6IFRhc2sgZmFpbGVkIHdpdGggc3RhdGU6IDc=|outputB64=
fixture|14|elapsedMs=1|pssKb=908017|errorB64=Y29tLmdvb2dsZS5haS5lZGdlLmxpdGVydGxtLkxpdGVSdExtSm5pRXhjZXB0aW9uOiBGYWlsZWQgdG8gY2FsbCBuYXRpdmVTZW5kTWVzc2FnZTogSU5URVJOQUw6IFRhc2sgZmFpbGVkIHdpdGggc3RhdGU6IDc=|outputB64=
fixture|15|elapsedMs=2|pssKb=908033|errorB64=Y29tLmdvb2dsZS5haS5lZGdlLmxpdGVydGxtLkxpdGVSdExtSm5pRXhjZXB0aW9uOiBGYWlsZWQgdG8gY2FsbCBuYXRpdmVTZW5kTWVzc2FnZTogSU5URVJOQUw6IFRhc2sgZmFpbGVkIHdpdGggc3RhdGU6IDc=|outputB64=
fixture|16|elapsedMs=2|pssKb=908049|errorB64=Y29tLmdvb2dsZS5haS5lZGdlLmxpdGVydGxtLkxpdGVSdExtSm5pRXhjZXB0aW9uOiBGYWlsZWQgdG8gY2FsbCBuYXRpdmVTZW5kTWVzc2FnZTogSU5URVJOQUw6IFRhc2sgZmFpbGVkIHdpdGggc3RhdGU6IDc=|outputB64=
fixture|17|elapsedMs=1|pssKb=908085|errorB64=Y29tLmdvb2dsZS5haS5lZGdlLmxpdGVydGxtLkxpdGVSdExtSm5pRXhjZXB0aW9uOiBGYWlsZWQgdG8gY2FsbCBuYXRpdmVTZW5kTWVzc2FnZTogSU5URVJOQUw6IFRhc2sgZmFpbGVkIHdpdGggc3RhdGU6IDc=|outputB64=
fixture|18|elapsedMs=2|pssKb=908113|errorB64=Y29tLmdvb2dsZS5haS5lZGdlLmxpdGVydGxtLkxpdGVSdExtSm5pRXhjZXB0aW9uOiBGYWlsZWQgdG8gY2FsbCBuYXRpdmVTZW5kTWVzc2FnZTogSU5URVJOQUw6IFRhc2sgZmFpbGVkIHdpdGggc3RhdGU6IDc=|outputB64=
fixture|19|elapsedMs=1|pssKb=908101|errorB64=Y29tLmdvb2dsZS5haS5lZGdlLmxpdGVydGxtLkxpdGVSdExtSm5pRXhjZXB0aW9uOiBGYWlsZWQgdG8gY2FsbCBuYXRpdmVTZW5kTWVzc2FnZTogSU5URVJOQUw6IFRhc2sgZmFpbGVkIHdpdGggc3RhdGU6IDc=|outputB64=
event|complete|pssKb=116513
